Unemployment_rate_2010,CountyState,Percent Obese,Jan & July Public Assist. Participation,Jan & July Non-Public Assist. Participation,Jan & July TOTAL Assist. Participation,County,State,Life expectancy 2010,Percent Smokers,min_wage
8.9,Autauga County Alabama,30.5,1706.0,12399.0,14105.0,Autauga County,Alabama,75.74,25.8,7.25
10.0,Baldwin County Alabama,26.6,3236.0,34173.0,37409.0,Baldwin County,Alabama,77.8,23.0,7.25
12.3,Barbour County Alabama,37.3,2137.0,9847.0,11984.0,Barbour County,Alabama,75.34,26.8,7.25
11.4,Bibb County Alabama,34.3,1195.0,6453.0,7648.0,Bibb County,Alabama,74.13,30.1,7.25
9.8,Blount County Alabama,30.4,2046.0,14415.0,16461.0,Blount County,Alabama,76.41,27.9,7.25
11.8,Bullock County Alabama,42.1,1189.0,4440.0,5629.0,Bullock County,Alabama,73.61,28.0,7.25
13.6,Butler County Alabama,38.3,1766.0,8405.0,10171.0,Butler County,Alabama,73.63,28.3,7.25
11.4,Calhoun County Alabama,33.2,7206.0,40127.0,47333.0,Calhoun County,Alabama,74.11,28.6,7.25
14.9,Chambers County Alabama,35.4,2509.0,13405.0,15914.0,Chambers County,Alabama,74.09,29.5,7.25
10.6,Cherokee County Alabama,31.4,1422.0,8589.0,10011.0,Cherokee County,Alabama,75.26,26.1,7.25
10.3,Chilton County Alabama,38.3,2271.0,16218.0,18489.0,Chilton County,Alabama,74.5,28.9,7.25
13.3,Choctaw County Alabama,38.9,1005.0,5339.0,6344.0,Choctaw County,Alabama,75.19,23.2,7.25
19.9,Clarke County Alabama,36,2381.0,9473.0,11854.0,Clarke County,Alabama,75.29,24.3,7.25
14.5,Clay County Alabama,35.3,567.0,3610.0,4177.0,Clay County,Alabama,75.25,30.4,7.25
10.0,Cleburne County Alabama,31.3,626.0,4179.0,4805.0,Cleburne County,Alabama,74.53,29.0,7.25
8.6,Coffee County Alabama,29.9,1426.0,10160.0,11586.0,Coffee County,Alabama,76.5,24.2,7.25
11.5,Colbert County Alabama,32.2,2359.0,15129.0,17488.0,Colbert County,Alabama,75.26,26.2,7.25
17.2,Conecuh County Alabama,36.3,1284.0,7013.0,8297.0,Conecuh County,Alabama,74.08,27.8,7.25
15.4,Coosa County Alabama,34.3,582.0,3359.0,3941.0,Coosa County,Alabama,75.21,30.4,7.25
10.3,Covington County Alabama,33.8,1832.0,13409.0,15241.0,Covington County,Alabama,75.42,29.7,7.25
10.2,Crenshaw County Alabama,35.7,945.0,4741.0,5686.0,Crenshaw County,Alabama,74.47,27.2,7.25
10.4,Cullman County Alabama,32.4,2769.0,19118.0,21887.0,Cullman County,Alabama,75.48,27.6,7.25
8.8,Dale County Alabama,35.3,3104.0,16622.0,19726.0,Dale County,Alabama,76.33,24.3,7.25
16.9,Dallas County Alabama,41.4,6924.0,25741.0,32665.0,Dallas County,Alabama,72.48,27.7,7.25
12.7,DeKalb County Alabama,32.4,2455.0,22504.0,24959.0,DeKalb County,Alabama,75.33,27.2,7.25
9.1,Elmore County Alabama,30.6,2848.0,18377.0,21225.0,Elmore County,Alabama,75.95,26.9,7.25
11.8,Escambia County Alabama,36.9,2245.0,15798.0,18043.0,Escambia County,Alabama,74.3,28.6,7.25
10.9,Etowah County Alabama,31.8,4446.0,28869.0,33315.0,Etowah County,Alabama,73.86,29.1,7.25
13.0,Fayette County Alabama,36.4,1427.0,5977.0,7404.0,Fayette County,Alabama,74.26,26.8,7.25
10.7,Franklin County Alabama,34.3,1656.0,10694.0,12350.0,Franklin County,Alabama,73.57,26.9,7.25
10.4,Geneva County Alabama,34,1296.0,9069.0,10365.0,Geneva County,Alabama,75.65,28.0,7.25
17.3,Greene County Alabama,47.9,1136.0,5037.0,6173.0,Greene County,Alabama,74.08,25.1,7.25
15.1,Hale County Alabama,41.6,1628.0,6138.0,7766.0,Hale County,Alabama,73.93,24.7,7.25
10.9,Henry County Alabama,34.6,968.0,5793.0,6761.0,Henry County,Alabama,75.82,23.8,7.25
9.1,Houston County Alabama,34.9,5946.0,28719.0,34665.0,Houston County,Alabama,76.7,24.5,7.25
11.8,Jackson County Alabama,30,2154.0,15585.0,17739.0,Jackson County,Alabama,74.39,28.4,7.25
10.3,Jefferson County Alabama,32.2,37750.0,171288.0,209038.0,Jefferson County,Alabama,75.11,23.0,7.25
13.2,Lamar County Alabama,31.3,1009.0,4639.0,5648.0,Lamar County,Alabama,74.93,26.6,7.25
10.1,Lauderdale County Alabama,32.2,3240.0,21784.0,25024.0,Lauderdale County,Alabama,76.55,23.8,7.25
12.6,Lawrence County Alabama,37.7,1700.0,10004.0,11704.0,Lawrence County,Alabama,74.55,27.4,7.25
9.0,Lee County Alabama,32,3620.0,27448.0,31068.0,Lee County,Alabama,77.17,21.6,7.25
9.6,Limestone County Alabama,33.8,2649.0,17871.0,20520.0,Limestone County,Alabama,77.15,25.5,7.25
18.5,Lowndes County Alabama,43.8,1737.0,6833.0,8570.0,Lowndes County,Alabama,72.78,25.9,7.25
14.8,Macon County Alabama,39.2,2313.0,12111.0,14424.0,Macon County,Alabama,72.98,25.4,7.25
8.3,Madison County Alabama,30,8431.0,51364.0,59795.0,Madison County,Alabama,77.79,21.5,7.25
13.7,Marengo County Alabama,41.6,2153.0,8363.0,10516.0,Marengo County,Alabama,74.67,21.6,7.25
13.6,Marion County Alabama,33,1712.0,10774.0,12486.0,Marion County,Alabama,74.62,27.6,7.25
9.6,Marshall County Alabama,31.5,3134.0,24854.0,27988.0,Marshall County,Alabama,74.57,28.4,7.25
11.3,Mobile County Alabama,33.9,24388.0,153808.0,178196.0,Mobile County,Alabama,74.95,26.7,7.25
18.1,Monroe County Alabama,35.9,1497.0,9215.0,10712.0,Monroe County,Alabama,74.9,25.9,7.25
10.0,Montgomery County Alabama,35.3,16819.0,79080.0,95899.0,Montgomery County,Alabama,75.93,22.7,7.25
10.8,Morgan County Alabama,28.5,3370.0,26663.0,30033.0,Morgan County,Alabama,75.92,27.4,7.25
16.8,Perry County Alabama,38.9,1850.0,7138.0,8988.0,Perry County,Alabama,72.55,26.5,7.25
13.1,Pickens County Alabama,38.5,1721.0,6505.0,8226.0,Pickens County,Alabama,74.66,26.1,7.25
9.4,Pike County Alabama,36,2596.0,11700.0,14296.0,Pike County,Alabama,74.86,23.4,7.25
13.4,Randolph County Alabama,34.2,1645.0,9790.0,11435.0,Randolph County,Alabama,74.78,30.4,7.25
10.9,Russell County Alabama,36.5,3801.0,23160.0,26961.0,Russell County,Alabama,73.87,28.4,7.25
7.1,Shelby County Alabama,29.6,2919.0,20722.0,23641.0,Shelby County,Alabama,79.18,19.1,7.25
13.3,Sumter County Alabama,40.1,2013.0,6965.0,8978.0,Sumter County,Alabama,74.63,23.1,7.25
13.5,Talladega County Alabama,38.4,5698.0,27741.0,33439.0,Talladega County,Alabama,74.23,27.2,7.25
13.1,Tallapoosa County Alabama,35.1,2777.0,13514.0,16291.0,Tallapoosa County,Alabama,74.99,27.9,7.25
9.2,Tuscaloosa County Alabama,33.2,9723.0,41799.0,51522.0,Tuscaloosa County,Alabama,75.86,23.0,7.25
12.7,Walker County Alabama,36,2832.0,18832.0,21664.0,Walker County,Alabama,72.12,28.8,7.25
14.2,Washington County Alabama,35.9,1035.0,5726.0,6761.0,Washington County,Alabama,74.82,24.6,7.25
26.3,Wilcox County Alabama,41.6,2433.0,7713.0,10146.0,Wilcox County,Alabama,72.41,26.0,7.25
16.0,Winston County Alabama,35.7,1297.0,6624.0,7921.0,Winston County,Alabama,74.42,28.4,7.25
5.6,Aleutians East Borough Alaska,32.3,25528.0,131293.0,156821.0,Aleutians East Borough,Alaska,82.76,27.4,7.75
16.4,Apache County Arizona,31.8,856.0,6991.0,7847.0,Apache County,Arizona,74.19,24.2,7.8
18.6,Arkansas County Arkansas,35.4,24609.0,177250.0,201859.0,Arkansas County,Arkansas,74.49,27.9,7.25
9.4,Baxter County Arkansas,28.5,347.0,4495.0,4842.0,Baxter County,Arkansas,76.96,28.3,7.25
7.8,Boone County Arkansas,27.3,165.0,2636.0,2801.0,Boone County,Arkansas,77.34,26.9,7.25
8.8,Calhoun County Arkansas,34.2,202.0,6124.0,6326.0,Calhoun County,Arkansas,75.74,29.8,7.25
7.3,Carroll County Arkansas,28.7,182.0,2620.0,2802.0,Carroll County,Arkansas,78.09,26.2,7.25
8.6,Clark County Arkansas,32.6,657.0,26038.0,26695.0,Clark County,Arkansas,75.92,24.1,7.25
8.6,Cleburne County Arkansas,28.8,741.0,10705.0,11446.0,Cleburne County,Arkansas,77.47,27.4,7.25
8.4,Cleveland County Arkansas,34.9,275.0,7814.0,8089.0,Cleveland County,Arkansas,76.17,27.3,7.25
10.0,Columbia County Arkansas,33.5,2446.0,26563.0,29009.0,Columbia County,Arkansas,74.66,24.5,7.25
9.7,Conway County Arkansas,35.7,556.0,18849.0,19405.0,Conway County,Arkansas,76.19,27.5,7.25
7.4,Craighead County Arkansas,34.1,2481.0,26723.0,29204.0,Craighead County,Arkansas,76.08,24.9,7.25
8.2,Crawford County Arkansas,35.9,428.0,5834.0,6262.0,Crawford County,Arkansas,75.97,27.8,7.25
10.5,Crittenden County Arkansas,38.1,265.0,2964.0,3229.0,Crittenden County,Arkansas,72.35,28.4,7.25
12.3,Dallas County Arkansas,33,5484.0,323844.0,329328.0,Dallas County,Arkansas,74.36,30.7,7.25
10.9,Drew County Arkansas,32.3,452.0,6717.0,7169.0,Drew County,Arkansas,75.94,24.0,7.25
7.2,Faulkner County Arkansas,29.4,363.0,7218.0,7581.0,Faulkner County,Arkansas,77.31,23.1,7.25
7.7,Franklin County Arkansas,33.6,990.0,22602.0,23592.0,Franklin County,Arkansas,75.79,28.7,7.25
7.8,Fulton County Arkansas,31.1,165.0,6260.0,6425.0,Fulton County,Arkansas,76.41,29.3,7.25
7.1,Grant County Arkansas,36.1,98.0,4227.0,4325.0,Grant County,Arkansas,76.08,28.7,7.25
9.3,Hempstead County Arkansas,36.3,217.0,3775.0,3992.0,Hempstead County,Arkansas,75.18,26.7,7.25
8.6,Hot Spring County Arkansas,33.4,1196.0,29397.0,30593.0,Hot Spring County,Arkansas,75.81,30.7,7.25
7.8,Howard County Arkansas,35.7,109.0,4060.0,4169.0,Howard County,Arkansas,74.94,29.1,7.25
11.9,Jackson County Arkansas,37.1,541.0,7354.0,7895.0,Jackson County,Arkansas,74.01,32.0,7.25
9.9,Lafayette County Arkansas,30.9,60.0,2366.0,2426.0,Lafayette County,Arkansas,74.22,28.8,7.25
9.4,Lincoln County Arkansas,32.9,654.0,13602.0,14256.0,Lincoln County,Arkansas,76.34,30.2,7.25
7.7,Little River County Arkansas,32.9,602.0,8300.0,8902.0,Little River County,Arkansas,75.19,29.0,7.25
8.6,Logan County Arkansas,33.2,285.0,10080.0,10365.0,Logan County,Arkansas,75.74,29.8,7.25
6.8,Lonoke County Arkansas,31.2,174.0,4700.0,4874.0,Lonoke County,Arkansas,75.92,25.5,7.25
10.1,Marion County Arkansas,32.6,217.0,9985.0,10202.0,Marion County,Arkansas,76.88,29.1,7.25
12.5,Mississippi County Arkansas,39.1,586.0,9405.0,9991.0,Mississippi County,Arkansas,72.44,29.9,7.25
9.2,Monroe County Arkansas,35.1,108.0,3610.0,3718.0,Monroe County,Arkansas,73.75,28.2,7.25
8.8,Montgomery County Arkansas,29.6,478.0,6603.0,7081.0,Montgomery County,Arkansas,77.25,28.4,7.25
9.6,Ouachita County Arkansas,39.8,304.0,8045.0,8349.0,Ouachita County,Arkansas,73.53,26.9,7.25
9.1,Pike County Arkansas,33.6,292.0,5356.0,5648.0,Pike County,Arkansas,76.09,27.8,7.25
7.8,Pope County Arkansas,35.2,3208.0,35031.0,38239.0,Pope County,Arkansas,76.9,24.7,7.25
10.2,Randolph County Arkansas,34.2,1532.0,18993.0,20525.0,Randolph County,Arkansas,76.19,28.3,7.25
7.1,Scott County Arkansas,29.4,2174.0,58642.0,60816.0,Scott County,Arkansas,75.91,29.7,7.25
7.0,Sevier County Arkansas,37.9,250.0,8211.0,8461.0,Sevier County,Arkansas,75.3,27.7,7.25
7.6,Stone County Arkansas,34.2,217.0,21698.0,21915.0,Stone County,Arkansas,76.74,28.8,7.25
11.2,Van Buren County Arkansas,33.2,247.0,3588.0,3835.0,Van Buren County,Arkansas,77.27,29.0,7.25
6.5,Washington County Arkansas,28.6,279.0,5766.0,6045.0,Washington County,Arkansas,78.12,23.1,7.25
8.2,White County Arkansas,33.4,648.0,5098.0,5746.0,White County,Arkansas,76.12,24.2,7.25
8.1,Yell County Arkansas,32.5,344.0,4220.0,4564.0,Yell County,Arkansas,75.66,28.0,7.25
15.1,Lake County California,26.7,3455.0,14358.0,17813.0,Lake County,California,75.66,24.8,8.0
7.0,Douglas County Colorado,16.2,650.0,5174.0,5824.0,Douglas County,Colorado,83.27,11.3,7.78
8.1,Elbert County Colorado,20.2,32.0,374.0,406.0,Elbert County,Colorado,81.37,16.7,7.78
8.8,Jackson County Colorado,21.8,6694.0,78696.0,85390.0,Jackson County,Colorado,80.23,20.8,7.78
8.8,Liberty County Florida,35.7,5440.0,55192.0,60632.0,Liberty County,Florida,76.11,27.8,7.79
10.0,Madison County Florida,36.3,3003.0,35360.0,38363.0,Madison County,Florida,75.58,27.3,7.79
13.6,Marion County Florida,31.6,2250.0,35235.0,37485.0,Marion County,Florida,77.53,24.9,7.79
7.8,Monroe County Florida,18.9,748.0,11698.0,12446.0,Monroe County,Florida,78.3,22.9,7.79
12.1,Polk County Florida,32.1,2246.0,26994.0,29240.0,Polk County,Florida,77.82,23.8,7.79
13.4,Putnam County Florida,33.8,807.0,8525.0,9332.0,Putnam County,Florida,74.84,28.2,7.79
10.6,Seminole County Florida,24.9,1352.0,13299.0,14651.0,Seminole County,Florida,80.08,20.3,7.79
13.3,Sumter County Florida,28.1,7985.0,103771.0,111756.0,Sumter County,Florida,80.99,24.8,7.79
10.6,Taylor County Florida,35.9,2809.0,31111.0,33920.0,Taylor County,Florida,75.67,31.7,7.79
8.5,Union County Florida,38,2110.0,26941.0,29051.0,Union County,Florida,68.12,31.8,7.79
9.4,Walton County Florida,26.7,1583.0,15147.0,16730.0,Walton County,Florida,77.11,27.5,7.79
10.6,Washington County Florida,36.4,467.0,4598.0,5065.0,Washington County,Florida,74.98,30.1,7.79
10.8,Barrow County Georgia,32.2,1939.0,12250.0,14189.0,Barrow County,Georgia,76.29,23.5,7.25
9.6,Brooks County Georgia,33.3,2318.0,11581.0,13899.0,Brooks County,Georgia,75.68,28.3,7.25
8.8,Calhoun County Georgia,31.7,2665.0,15139.0,17804.0,Calhoun County,Georgia,73.99,26.1,7.25
8.8,Calhoun County Georgia,31.7,1213.0,5573.0,6786.0,Calhoun County,Georgia,73.99,26.1,7.25
8.8,Candler County Georgia,32,2259.0,10173.0,12432.0,Candler County,Georgia,74.4,24.4,7.25
11.7,Carroll County Georgia,31.4,1005.0,3853.0,4858.0,Carroll County,Georgia,75.36,25.7,7.25
8.8,Cherokee County Georgia,27.9,576.0,2933.0,3509.0,Cherokee County,Georgia,79.14,20.1,7.25
11.6,Clay County Georgia,33.6,7271.0,28894.0,36165.0,Clay County,Georgia,74.19,27.7,7.25
11.6,Clay County Georgia,33.6,244.0,842.0,1086.0,Clay County,Georgia,74.19,27.7,7.25
11.6,Clay County Georgia,33.6,872.0,13661.0,14533.0,Clay County,Georgia,74.19,27.7,7.25
13.5,Clayton County Georgia,36.1,604.0,5843.0,6447.0,Clayton County,Georgia,76.64,22.2,7.25
11.7,Cook County Georgia,31.7,957.0,2667.0,3624.0,Cook County,Georgia,74.29,29.7,7.25
11.4,Crawford County Georgia,30.7,19232.0,104847.0,124079.0,Crawford County,Georgia,76.6,25.9,7.25
11.4,Crawford County Georgia,30.7,3379.0,15801.0,19180.0,Crawford County,Georgia,76.6,25.9,7.25
11.4,Crawford County Georgia,30.7,849.0,3824.0,4673.0,Crawford County,Georgia,76.6,25.9,7.25
12.4,Decatur County Georgia,31.7,987.0,4822.0,5809.0,Decatur County,Georgia,74.43,25.3,7.25
12.4,Decatur County Georgia,31.7,1015.0,2848.0,3863.0,Decatur County,Georgia,74.43,25.3,7.25
11.2,Douglas County Georgia,34.6,343.0,1357.0,1700.0,Douglas County,Georgia,76.75,23.3,7.25
9.6,Effingham County Georgia,31,4567.0,28764.0,33331.0,Effingham County,Georgia,76.86,23.9,7.25
8.2,Fayette County Georgia,25,1031.0,3998.0,5029.0,Fayette County,Georgia,80.82,16.9,7.25
8.2,Fayette County Georgia,25,1986.0,7938.0,9924.0,Fayette County,Georgia,80.82,16.9,7.25
11.8,Floyd County Georgia,27.4,805.0,2871.0,3676.0,Floyd County,Georgia,75.81,26.3,7.25
12.7,Franklin County Georgia,26.5,2657.0,8161.0,10818.0,Franklin County,Georgia,75.12,25.5,7.25
12.7,Franklin County Georgia,26.5,737.0,2326.0,3063.0,Franklin County,Georgia,75.12,25.5,7.25
10.5,Fulton County Georgia,22.9,569.0,4325.0,4894.0,Fulton County,Georgia,76.99,16.6,7.25
13.2,Greene County Georgia,31.9,3114.0,10804.0,13918.0,Greene County,Georgia,76.43,23.9,7.25
10.3,Henry County Georgia,28.5,671.0,4843.0,5514.0,Henry County,Georgia,77.32,21.1,7.25
10.3,Henry County Georgia,28.5,7012.0,43073.0,50085.0,Henry County,Georgia,77.32,21.1,7.25
10.5,Jackson County Georgia,26.4,40630.0,195311.0,235941.0,Jackson County,Georgia,75.76,22.8,7.25
10.5,Jackson County Georgia,26.4,905.0,2798.0,3703.0,Jackson County,Georgia,75.76,22.8,7.25
11.7,Jasper County Georgia,29.8,2082.0,7198.0,9280.0,Jasper County,Georgia,76.17,25.4,7.25
14.1,Jefferson County Georgia,37.8,1184.0,4472.0,5656.0,Jefferson County,Georgia,73.24,26.1,7.25
14.1,Jefferson County Georgia,37.8,917.0,5266.0,6183.0,Jefferson County,Georgia,73.24,26.1,7.25
10.8,Johnson County Georgia,32.5,2129.0,5337.0,7466.0,Johnson County,Georgia,75.81,27.1,7.25
10.8,Johnson County Georgia,32.5,438.0,5195.0,5633.0,Johnson County,Georgia,75.81,27.1,7.25
10.8,Johnson County Georgia,32.5,4622.0,18919.0,23541.0,Johnson County,Georgia,75.81,27.1,7.25
11.5,Lincoln County Georgia,35.4,5744.0,18460.0,24204.0,Lincoln County,Georgia,75.72,25.8,7.25
10.2,Monroe County Georgia,32.6,7485.0,26797.0,34282.0,Monroe County,Georgia,76.94,24.1,7.25
12.0,Montgomery County Georgia,32.7,1218.0,7622.0,8840.0,Montgomery County,Georgia,75.82,23.6,7.25
10.4,Morgan County Georgia,31.5,4107.0,26659.0,30766.0,Morgan County,Georgia,77.31,22.2,7.25
12.7,Newton County Georgia,31.7,1128.0,4120.0,5248.0,Newton County,Georgia,75.97,23.8,7.25
10.7,Pike County Georgia,31.3,1680.0,7032.0,8712.0,Pike County,Georgia,76.01,23.7,7.25
12.0,Polk County Georgia,26.4,3867.0,14855.0,18722.0,Polk County,Georgia,73.83,27.7,7.25
13.3,Sumter County Georgia,37.2,2521.0,16754.0,19275.0,Sumter County,Georgia,74.92,24.8,7.25
11.0,Union County Georgia,26.6,2820.0,15633.0,18453.0,Union County,Georgia,78.39,22.4,7.25
17.2,Warren County Georgia,37.2,573.0,3139.0,3712.0,Warren County,Georgia,74.21,28.0,7.25
14.5,Washington County Georgia,34.7,2164.0,8374.0,10538.0,Washington County,Georgia,74.96,26.9,7.25
14.5,Washington County Georgia,34.7,6992.0,39316.0,46308.0,Washington County,Georgia,74.96,26.9,7.25
14.5,Washington County Georgia,34.7,869.0,3569.0,4438.0,Washington County,Georgia,74.96,26.9,7.25
12.0,Wayne County Georgia,33.4,3755.0,24901.0,28656.0,Wayne County,Georgia,74.91,26.5,7.25
12.8,Webster County Georgia,31.1,2503.0,10246.0,12749.0,Webster County,Georgia,77.67,24.8,7.25
11.9,Whitfield County Georgia,28.4,1561.0,6302.0,7863.0,Whitfield County,Georgia,76.81,25.6,7.25
12.4,Wilcox County Georgia,31,763.0,3859.0,4622.0,Wilcox County,Georgia,74.92,28.3,7.25
13.2,Wilkes County Georgia,32.7,948.0,3113.0,4061.0,Wilkes County,Georgia,74.73,27.8,7.25
14.0,Wilkinson County Georgia,32.1,579.0,1540.0,2119.0,Wilkinson County,Georgia,74.84,25.5,7.25
12.1,Worth County Georgia,31.6,3477.0,14100.0,17577.0,Worth County,Georgia,76.59,28.3,7.25
7.7,Adams County Illinois,30.3,819.0,21487.0,22306.0,Adams County,Illinois,78.67,23.7,7.25
7.0,Brown County Illinois,30,2671.0,35662.0,38333.0,Brown County,Illinois,78.89,26.8,7.25
10.0,Calhoun County Illinois,29.5,553.0,8307.0,8860.0,Calhoun County,Illinois,78.82,23.1,7.25
10.4,Carroll County Illinois,30.5,947.0,11793.0,12740.0,Carroll County,Illinois,78.9,22.2,7.25
10.4,Carroll County Illinois,30.5,911.0,6985.0,7896.0,Carroll County,Illinois,78.9,22.2,7.25
10.4,Carroll County Illinois,30.5,72.0,3986.0,4058.0,Carroll County,Illinois,78.9,22.2,7.25
10.1,Christian County Illinois,32.2,111.0,9760.0,9871.0,Christian County,Illinois,77.9,28.2,7.25
11.3,Clay County Illinois,29.6,354.0,14214.0,14568.0,Clay County,Illinois,77.46,25.8,7.25
11.3,Clay County Illinois,29.6,3384.0,51661.0,55045.0,Clay County,Illinois,77.46,25.8,7.25
7.3,Clinton County Illinois,28,173.0,4434.0,4607.0,Clinton County,Illinois,79.52,23.9,7.25
10.9,Cook County Illinois,26.2,4.0,798.0,802.0,Cook County,Illinois,78.44,21.9,7.25
9.4,Ford County Illinois,30.7,524.0,4361.0,4885.0,Ford County,Illinois,77.51,26.3,7.25
12.3,Franklin County Illinois,29.7,562.0,5621.0,6183.0,Franklin County,Illinois,75.36,27.7,7.25
12.3,Franklin County Illinois,29.7,63.0,2697.0,2760.0,Franklin County,Illinois,75.36,27.7,7.25
12.3,Franklin County Illinois,29.7,4281.0,104154.0,108435.0,Franklin County,Illinois,75.36,27.7,7.25
11.7,Fulton County Illinois,30.3,2059.0,39465.0,41524.0,Fulton County,Illinois,78.03,25.7,7.25
9.6,Gallatin County Illinois,29.9,62.0,4688.0,4750.0,Gallatin County,Illinois,75.38,27.2,7.25
9.6,Gallatin County Illinois,29.9,266.0,8862.0,9128.0,Gallatin County,Illinois,75.38,27.2,7.25
9.3,Greene County Illinois,30.4,1787.0,12954.0,14741.0,Greene County,Illinois,77.62,26.7,7.25
9.4,Hamilton County Illinois,29.1,1610.0,6565.0,8175.0,Hamilton County,Illinois,77.76,24.8,7.25
10.6,Hancock County Illinois,28.1,103.0,1847.0,1950.0,Hancock County,Illinois,79.75,23.5,7.25
10.6,Hancock County Illinois,28.1,1606.0,34168.0,35774.0,Hancock County,Illinois,79.75,23.5,7.25
9.1,Henry County Illinois,28.5,103.0,3661.0,3764.0,Henry County,Illinois,79.08,22.8,7.25
8.2,Jackson County Illinois,27.9,142.0,3925.0,4067.0,Jackson County,Illinois,78.21,19.0,7.25
10.2,Jefferson County Illinois,33,89.0,4205.0,4294.0,Jefferson County,Illinois,77.27,25.5,7.25
10.2,Jefferson County Illinois,33,185.0,2303.0,2488.0,Jefferson County,Illinois,77.27,25.5,7.25
9.6,Knox County Illinois,32.4,528.0,14805.0,15333.0,Knox County,Illinois,77.62,26.2,7.25
9.8,Lake County Illinois,25.2,343.0,5897.0,6240.0,Lake County,Illinois,80.83,17.2,7.25
9.8,Lake County Illinois,25.2,868.0,24463.0,25331.0,Lake County,Illinois,80.83,17.2,7.25
10.7,Lawrence County Illinois,30.9,453.0,4336.0,4789.0,Lawrence County,Illinois,76.14,28.7,7.25
10.7,Lawrence County Illinois,30.9,393.0,3720.0,4113.0,Lawrence County,Illinois,76.14,28.7,7.25
10.0,Lee County Illinois,26.5,764.0,8454.0,9218.0,Lee County,Illinois,78.31,24.8,7.25
10.0,Livingston County Illinois,30.8,117.0,5398.0,5515.0,Livingston County,Illinois,78.06,27.9,7.25
10.0,Livingston County Illinois,30.8,69.0,2550.0,2619.0,Livingston County,Illinois,78.06,27.9,7.25
10.5,McHenry County Illinois,26.8,95.0,6633.0,6728.0,McHenry County,Illinois,79.89,20.2,7.25
7.1,McLean County Illinois,31.6,3417.0,36972.0,40389.0,McLean County,Illinois,79.88,17.2,7.25
9.8,Madison County Illinois,32,88.0,4171.0,4259.0,Madison County,Illinois,77.5,25.1,7.25
9.8,Madison County Illinois,32,1264.0,34308.0,35572.0,Madison County,Illinois,77.5,25.1,7.25
9.8,Madison County Illinois,32,7146.0,48428.0,55574.0,Madison County,Illinois,77.5,25.1,7.25
10.8,Marion County Illinois,32.7,144.0,9216.0,9360.0,Marion County,Illinois,76.44,27.0,7.25
10.8,Marion County Illinois,32.7,11380.0,137867.0,149247.0,Marion County,Illinois,76.44,27.0,7.25
10.3,Marshall County Illinois,29.8,4667.0,85087.0,89754.0,Marshall County,Illinois,78.18,23.5,7.25
12.2,Mason County Illinois,31.6,8279.0,151377.0,159656.0,Mason County,Illinois,77.32,25.9,7.25
12.2,Mason County Illinois,31.6,14394.0,11800.0,26194.0,Mason County,Illinois,77.32,25.9,7.25
9.5,Massac County Illinois,33.8,942.0,9026.0,9968.0,Massac County,Illinois,75.89,24.7,7.25
10.0,Mercer County Illinois,32.4,7617.0,43242.0,50859.0,Mercer County,Illinois,79.41,24.3,7.25
7.3,Monroe County Illinois,29.3,4153.0,21927.0,26080.0,Monroe County,Illinois,80.23,20.5,7.25
7.3,Monroe County Illinois,29.3,9780.0,66490.0,76270.0,Monroe County,Illinois,80.23,20.5,7.25
12.3,Montgomery County Illinois,24.9,16.0,3.0,19.0,Montgomery County,Illinois,77.89,28.1,7.25
8.4,Morgan County Illinois,29.9,3361.0,1632.0,4993.0,Morgan County,Illinois,78.36,25.0,7.25
11.0,Perry County Illinois,28.4,446.0,7930.0,8376.0,Perry County,Illinois,77.45,26.4,7.25
9.4,Pope County Illinois,30.7,1014.0,11374.0,12388.0,Pope County,Illinois,78.04,25.3,7.25
12.4,Pulaski County Illinois,33.3,303.0,6566.0,6869.0,Pulaski County,Illinois,74.77,25.1,7.25
12.0,Putnam County Illinois,28.8,2555.0,16475.0,19030.0,Putnam County,Illinois,79.74,23.7,7.25
8.7,Scott County Illinois,29.2,124.0,7526.0,7650.0,Scott County,Illinois,78.74,23.5,7.25
8.7,Scott County Illinois,29.2,647.0,17677.0,18324.0,Scott County,Illinois,78.74,23.5,7.25
9.7,Stark County Illinois,31.8,1004.0,10278.0,11282.0,Stark County,Illinois,78.41,23.4,7.25
12.0,Union County Illinois,31,761.0,12346.0,13107.0,Union County,Illinois,76.63,25.4,7.25
7.8,Warren County Illinois,30.4,491.0,15110.0,15601.0,Warren County,Illinois,78.47,24.7,7.25
7.2,Washington County Illinois,32,698.0,8349.0,9047.0,Washington County,Illinois,78.92,21.8,7.25
7.2,Washington County Illinois,32,92.0,3293.0,3385.0,Washington County,Illinois,78.92,21.8,7.25
7.2,Washington County Illinois,32,138.0,4200.0,4338.0,Washington County,Illinois,78.92,21.8,7.25
7.2,Washington County Illinois,32,78.0,4147.0,4225.0,Washington County,Illinois,78.92,21.8,7.25
8.9,Wayne County Illinois,29,2732.0,93212.0,95944.0,Wayne County,Illinois,78.05,25.7,7.25
9.7,Williamson County Illinois,30.2,1033.0,15637.0,16670.0,Williamson County,Illinois,76.9,24.3,7.25
7.7,Woodford County Illinois,30.3,56.0,829.0,885.0,Woodford County,Illinois,80.29,20.3,7.25
10.8,Cass County Indiana,34.5,4313.0,18361.0,22674.0,Cass County,Indiana,77.74,29.0,7.25
9.5,Clark County Indiana,31.8,56416.0,119811.0,176227.0,Clark County,Indiana,76.41,29.4,7.25
11.1,Clay County Indiana,37.8,440.0,1981.0,2421.0,Clay County,Indiana,76.68,26.9,7.25
11.1,Clay County Indiana,37.8,9700.0,25971.0,35671.0,Clay County,Indiana,76.68,26.9,7.25
10.1,Clinton County Indiana,29.4,2239.0,8951.0,11190.0,Clinton County,Indiana,77.78,27.4,7.25
6.5,Daviess County Indiana,31.4,5519.0,23929.0,29448.0,Daviess County,Indiana,77.29,29.5,7.25
11.5,Franklin County Indiana,28.6,223.0,2668.0,2891.0,Franklin County,Indiana,78.97,25.3,7.25
10.7,Greene County Indiana,33.1,1846.0,8088.0,9934.0,Greene County,Indiana,76.85,28.7,7.25
9.9,Harrison County Indiana,31,7178.0,29673.0,36851.0,Harrison County,Indiana,77.92,24.5,7.25
10.5,Jackson County Indiana,31.6,2382.0,6223.0,8605.0,Jackson County,Indiana,76.62,27.2,7.25
10.5,Jackson County Indiana,31.6,4238.0,14282.0,18520.0,Jackson County,Indiana,76.62,27.2,7.25
10.4,Jasper County Indiana,33.5,2149.0,6346.0,8495.0,Jasper County,Indiana,77.94,26.6,7.25
11.3,Jefferson County Indiana,31.8,4608.0,12216.0,16824.0,Jefferson County,Indiana,76.32,29.3,7.25
8.8,Johnson County Indiana,29.1,724.0,2526.0,3250.0,Johnson County,Indiana,78.51,24.3,7.25
12.7,Lawrence County Indiana,29.3,737.0,2432.0,3169.0,Lawrence County,Indiana,76.53,28.0,7.25
12.7,Lawrence County Indiana,29.3,1397.0,8253.0,9650.0,Lawrence County,Indiana,76.53,28.0,7.25
12.1,Madison County Indiana,37.3,987.0,3919.0,4906.0,Madison County,Indiana,76.57,28.4,7.25
12.1,Madison County Indiana,37.3,998.0,2823.0,3821.0,Madison County,Indiana,76.57,28.4,7.25
10.5,Marion County Indiana,31.9,12964.0,46243.0,59207.0,Marion County,Indiana,76.29,28.2,7.25
10.5,Marion County Indiana,31.9,707.0,1807.0,2514.0,Marion County,Indiana,76.29,28.2,7.25
11.3,Marshall County Indiana,31.4,3534.0,7133.0,10667.0,Marshall County,Indiana,79.08,25.1,7.25
7.9,Monroe County Indiana,25.3,5728.0,11794.0,17522.0,Monroe County,Indiana,80.06,19.1,7.25
7.9,Monroe County Indiana,25.3,1259.0,2850.0,4109.0,Monroe County,Indiana,80.06,19.1,7.25
10.2,Montgomery County Indiana,31.2,959.0,2648.0,3607.0,Montgomery County,Indiana,77.99,26.9,7.25
10.4,Morgan County Indiana,33.2,1314.0,5724.0,7038.0,Morgan County,Indiana,77.35,28.7,7.25
11.3,Newton County Indiana,34.1,999.0,4393.0,5392.0,Newton County,Indiana,77.18,30.2,7.25
10.6,Perry County Indiana,32.1,660.0,3237.0,3897.0,Perry County,Indiana,77.82,28.0,7.25
9.5,Pike County Indiana,31.5,2433.0,6901.0,9334.0,Pike County,Indiana,77.59,26.4,7.25
10.0,Pulaski County Indiana,34.5,451.0,2039.0,2490.0,Pulaski County,Indiana,77.14,26.2,7.25
11.6,Putnam County Indiana,32.3,7057.0,24365.0,31422.0,Putnam County,Indiana,78.32,27.5,7.25
11.8,Randolph County Indiana,34.8,687.0,1564.0,2251.0,Randolph County,Indiana,77.9,27.5,7.25
13.2,Scott County Indiana,28.5,1393.0,4416.0,5809.0,Scott County,Indiana,73.78,31.2,7.25
11.0,Shelby County Indiana,33.8,641.0,4356.0,4997.0,Shelby County,Indiana,77.4,28.2,7.25
10.1,Sullivan County Indiana,31.5,1199.0,6349.0,7548.0,Sullivan County,Indiana,75.73,28.0,7.25
12.2,Washington County Indiana,30.5,2180.0,32156.0,34336.0,Washington County,Indiana,75.97,28.3,7.25
12.2,Washington County Indiana,30.5,3343.0,8611.0,11954.0,Washington County,Indiana,75.97,28.3,7.25
4.8,Adams County Iowa,33.8,1081.0,3908.0,4989.0,Adams County,Iowa,78.98,22.6,7.25
5.7,Boone County Iowa,32,249.0,1710.0,1959.0,Boone County,Iowa,79.01,23.9,7.25
6.0,Butler County Iowa,27.2,162.0,867.0,1029.0,Butler County,Iowa,80.3,22.0,7.25
6.3,Cass County Iowa,35.4,267.0,1426.0,1693.0,Cass County,Iowa,78.84,24.1,7.25
5.4,Cedar County Iowa,35.4,514.0,2562.0,3076.0,Cedar County,Iowa,81.32,21.8,7.25
6.2,Franklin County Iowa,31,321.0,1424.0,1745.0,Franklin County,Iowa,80.12,23.5,7.25
6.3,Howard County Iowa,29.8,462.0,1774.0,2236.0,Howard County,Iowa,80.29,24.1,7.25
5.2,Humboldt County Iowa,33.6,679.0,3054.0,3733.0,Humboldt County,Iowa,80.39,23.6,7.25
7.1,Jefferson County Iowa,30.2,606.0,2699.0,3305.0,Jefferson County,Iowa,80.28,20.2,7.25
7.1,Jefferson County Iowa,30.2,2595.0,8816.0,11411.0,Jefferson County,Iowa,80.28,20.2,7.25
4.2,Johnson County Iowa,24,8438.0,37268.0,45706.0,Johnson County,Iowa,81.84,15.2,7.25
6.4,Madison County Iowa,30.8,579.0,2385.0,2964.0,Madison County,Iowa,79.57,21.0,7.25
6.4,Madison County Iowa,30.8,1758.0,4777.0,6535.0,Madison County,Iowa,79.57,21.0,7.25
6.0,Polk County Iowa,28.2,526.0,5668.0,6194.0,Polk County,Iowa,78.96,20.4,7.25
3.9,Sioux County Iowa,27.4,290.0,1082.0,1372.0,Sioux County,Iowa,82.62,17.0,7.25
5.1,Washington County Iowa,30.4,225.0,843.0,1068.0,Washington County,Iowa,80.43,21.3,7.25
6.2,Wayne County Iowa,31.4,251.0,1128.0,1379.0,Wayne County,Iowa,78.4,25.0,7.25
6.9,Webster County Iowa,28.7,12060.0,41182.0,53242.0,Webster County,Iowa,77.86,25.3,7.25
6.6,Brown County Kansas,34.3,2553.0,13730.0,16283.0,Brown County,Kansas,77.85,27.3,7.25
9.0,Chautauqua County Kansas,30.6,45.0,163.0,208.0,Chautauqua County,Kansas,77.29,26.5,7.25
6.6,Dickinson County Kansas,33.7,1097.0,6440.0,7537.0,Dickinson County,Kansas,78.69,24.0,7.25
5.9,Douglas County Kansas,25.1,168.0,426.0,594.0,Douglas County,Kansas,80.47,18.1,7.25
9.0,Franklin County Kansas,33.3,1951.0,6443.0,8394.0,Franklin County,Kansas,77.94,25.4,7.25
6.2,Jackson County Kansas,35.7,2264.0,7080.0,9344.0,Jackson County,Kansas,78.66,23.6,7.25
6.2,Jackson County Kansas,35.7,2026.0,5069.0,7095.0,Jackson County,Kansas,78.66,23.6,7.25
6.2,Jackson County Kansas,35.7,793.0,5840.0,6633.0,Jackson County,Kansas,78.66,23.6,7.25
7.5,Jefferson County Kansas,33.9,746.0,9575.0,10321.0,Jefferson County,Kansas,78.84,23.2,7.25
7.6,Leavenworth County Kansas,31.5,1123.0,3878.0,5001.0,Leavenworth County,Kansas,78.63,23.7,7.25
6.0,Lincoln County Kansas,29.1,423.0,1101.0,1524.0,Lincoln County,Kansas,79.16,22.7,7.25
5.2,McPherson County Kansas,30.3,90.0,1052.0,1142.0,McPherson County,Kansas,79.59,20.2,7.25
5.1,Marshall County Kansas,33,1762.0,8948.0,10710.0,Marshall County,Kansas,80.09,25.3,7.25
4.8,Mitchell County Kansas,28.9,135.0,457.0,592.0,Mitchell County,Kansas,79.07,21.2,7.25
10.6,Montgomery County Kansas,33.8,5771.0,21659.0,27430.0,Montgomery County,Kansas,76.33,28.2,7.25
10.2,Neosho County Kansas,34.2,110.0,1998.0,2108.0,Neosho County,Kansas,77.46,27.7,7.25
6.0,Ottawa County Kansas,32.7,2355.0,15482.0,17837.0,Ottawa County,Kansas,78.16,22.2,7.25
6.2,Saline County Kansas,31.9,967.0,10083.0,11050.0,Saline County,Kansas,78.46,24.1,7.25
4.8,Washington County Kansas,34.1,1107.0,9508.0,10615.0,Washington County,Kansas,80.2,21.1,7.25
4.8,Washington County Kansas,34.1,49.0,154.0,203.0,Washington County,Kansas,80.2,21.1,7.25
8.9,Boone County Kentucky,29.8,1283.0,12826.0,14109.0,Boone County,Kentucky,78.7,22.6,7.25
8.9,Boone County Kentucky,29.8,7037.0,127870.0,134907.0,Boone County,Kentucky,78.7,22.6,7.25
9.1,Bourbon County Kentucky,33.2,493.0,32080.0,32573.0,Bourbon County,Kentucky,76.87,29.3,7.25
14.5,Carroll County Kentucky,33.6,123.0,6708.0,6831.0,Carroll County,Kentucky,74.25,33.3,7.25
10.8,Clark County Kentucky,31.7,551.0,14179.0,14730.0,Clark County,Kentucky,76.06,29.1,7.25
10.8,Clark County Kentucky,31.7,394.0,14674.0,15068.0,Clark County,Kentucky,76.06,29.1,7.25
14.5,Clay County Kentucky,31.5,158.0,4476.0,4634.0,Clay County,Kentucky,72.1,36.3,7.25
11.0,Clinton County Kentucky,32.2,637.0,19128.0,19765.0,Clinton County,Kentucky,74.47,33.3,7.25
11.0,Clinton County Kentucky,32.2,132.0,7674.0,7806.0,Clinton County,Kentucky,74.47,33.3,7.25
11.8,Cumberland County Kentucky,34.2,283.0,3518.0,3801.0,Cumberland County,Kentucky,74.25,31.9,7.25
8.7,Franklin County Kentucky,31.9,527.0,15875.0,16402.0,Franklin County,Kentucky,76.89,26.5,7.25
8.7,Franklin County Kentucky,31.9,60.0,2394.0,2454.0,Franklin County,Kentucky,76.89,26.5,7.25
11.1,Garrard County Kentucky,37.4,602.0,17537.0,18139.0,Garrard County,Kentucky,77.72,28.8,7.25
11.8,Grant County Kentucky,35,275.0,12294.0,12569.0,Grant County,Kentucky,75.61,29.0,7.25
11.8,Grant County Kentucky,35,145.0,5461.0,5606.0,Grant County,Kentucky,75.61,29.0,7.25
11.8,Grant County Kentucky,35,109.0,4643.0,4752.0,Grant County,Kentucky,75.61,29.0,7.25
9.5,Graves County Kentucky,31.4,874.0,26288.0,27162.0,Graves County,Kentucky,76.15,28.5,7.25
11.5,Greenup County Kentucky,36.7,240.0,8716.0,8956.0,Greenup County,Kentucky,76.11,29.2,7.25
11.9,Harlan County Kentucky,34.4,208.0,7112.0,7320.0,Harlan County,Kentucky,71.77,33.4,7.25
10.3,Henderson County Kentucky,32.7,337.0,13787.0,14124.0,Henderson County,Kentucky,76.47,28.0,7.25
10.3,Henderson County Kentucky,32.7,71.0,4514.0,4585.0,Henderson County,Kentucky,76.47,28.0,7.25
9.7,Hopkins County Kentucky,34.2,106.0,11032.0,11138.0,Hopkins County,Kentucky,75.24,29.6,7.25
14.1,Jackson County Kentucky,37.5,590.0,3024.0,3614.0,Jackson County,Kentucky,73.52,34.4,7.25
14.1,Jackson County Kentucky,37.5,646.0,19846.0,20492.0,Jackson County,Kentucky,73.52,34.4,7.25
10.0,Jefferson County Kentucky,33.2,5496.0,17491.0,22987.0,Jefferson County,Kentucky,76.97,28.1,7.25
12.6,Johnson County Kentucky,40.2,188.0,9674.0,9862.0,Johnson County,Kentucky,73.8,31.6,7.25
11.3,Larue County Kentucky,31,116.0,18396.0,18512.0,Larue County,Kentucky,76.84,30.7,7.25
12.9,Leslie County Kentucky,36.3,396.0,11091.0,11487.0,Leslie County,Kentucky,71.73,33.6,7.25
12.8,Lincoln County Kentucky,37.3,1072.0,5512.0,6584.0,Lincoln County,Kentucky,75.54,32.3,7.25
12.8,Lincoln County Kentucky,37.3,101.0,5368.0,5469.0,Lincoln County,Kentucky,75.54,32.3,7.25
12.8,Lincoln County Kentucky,37.3,589.0,19417.0,20006.0,Lincoln County,Kentucky,75.54,32.3,7.25
12.8,Lincoln County Kentucky,37.3,263.0,14510.0,14773.0,Lincoln County,Kentucky,75.54,32.3,7.25
12.0,Livingston County Kentucky,32.6,2066.0,37556.0,39622.0,Livingston County,Kentucky,75.54,30.3,7.25
9.9,Logan County Kentucky,32.8,28.0,5537.0,5565.0,Logan County,Kentucky,75.95,31.0,7.25
11.6,Lyon County Kentucky,31.3,1759.0,8814.0,10573.0,Lyon County,Kentucky,76.72,30.1,7.25
10.2,McLean County Kentucky,32.4,1397.0,35735.0,37132.0,McLean County,Kentucky,75.69,28.6,7.25
8.5,Madison County Kentucky,29.6,446.0,3392.0,3838.0,Madison County,Kentucky,77.24,25.1,7.25
12.6,Marion County Kentucky,33.8,2566.0,63410.0,65976.0,Marion County,Kentucky,76.7,30.3,7.25
12.6,Marion County Kentucky,33.8,39.0,2686.0,2725.0,Marion County,Kentucky,76.7,30.3,7.25
10.5,Marshall County Kentucky,34.2,181.0,5090.0,5271.0,Marshall County,Kentucky,76.81,28.6,7.25
10.3,Martin County Kentucky,38.5,32.0,7761.0,7793.0,Martin County,Kentucky,72.7,32.8,7.25
10.7,Monroe County Kentucky,35.8,1127.0,7465.0,8592.0,Monroe County,Kentucky,73.94,31.1,7.25
10.7,Monroe County Kentucky,35.8,1049.0,11212.0,12261.0,Monroe County,Kentucky,73.94,31.1,7.25
12.2,Montgomery County Kentucky,32.9,3841.0,26334.0,30175.0,Montgomery County,Kentucky,76.13,32.4,7.25
12.2,Montgomery County Kentucky,32.9,84.0,2091.0,2175.0,Montgomery County,Kentucky,76.13,32.4,7.25
12.2,Montgomery County Kentucky,32.9,62.0,5113.0,5175.0,Montgomery County,Kentucky,76.13,32.4,7.25
12.2,Montgomery County Kentucky,32.9,94.0,4614.0,4708.0,Montgomery County,Kentucky,76.13,32.4,7.25
13.0,Morgan County Kentucky,36.4,195.0,7795.0,7990.0,Morgan County,Kentucky,75.76,33.9,7.25
12.3,Pendleton County Kentucky,33.2,76.0,2834.0,2910.0,Pendleton County,Kentucky,75.74,30.8,7.25
10.4,Pike County Kentucky,36.6,269.0,6308.0,6577.0,Pike County,Kentucky,72.61,31.6,7.25
10.6,Pulaski County Kentucky,31.5,108.0,3377.0,3485.0,Pulaski County,Kentucky,75.56,29.9,7.25
10.1,Rowan County Kentucky,34.1,132.0,10221.0,10353.0,Rowan County,Kentucky,75.98,28.9,7.25
12.8,Russell County Kentucky,32.2,11236.0,14864.0,26100.0,Russell County,Kentucky,75.73,31.6,7.25
8.7,Scott County Kentucky,32.6,310.0,7267.0,7577.0,Scott County,Kentucky,78.13,24.0,7.25
9.9,Spencer County Kentucky,33.9,1090.0,11227.0,12317.0,Spencer County,Kentucky,77.62,28.6,7.25
9.7,Union County Kentucky,36.3,612.0,13584.0,14196.0,Union County,Kentucky,75.45,28.7,7.25
9.7,Union County Kentucky,36.3,212.0,12992.0,13204.0,Union County,Kentucky,75.45,28.7,7.25
10.1,Washington County Kentucky,33.1,200.0,2527.0,2727.0,Washington County,Kentucky,77.69,27.6,7.25
10.1,Washington County Kentucky,33.1,804.0,8415.0,9219.0,Washington County,Kentucky,77.69,27.6,7.25
14.1,Wayne County Kentucky,31.5,581.0,14521.0,15102.0,Wayne County,Kentucky,75.95,32.7,7.25
14.1,Wayne County Kentucky,31.5,128.0,3746.0,3874.0,Wayne County,Kentucky,75.95,32.7,7.25
7.3,Woodford County Kentucky,31.6,1123.0,15048.0,16171.0,Woodford County,Kentucky,78.11,23.6,7.25
5.6,Montgomery County Maryland,18.4,4577.0,26366.0,30943.0,Montgomery County,Maryland,80.68,11.4,7.25
12.2,Jackson County Michigan,34.4,552.0,1641.0,2193.0,Jackson County,Michigan,77.99,26.2,7.25
10.3,Ottawa County Michigan,25.5,347.0,2078.0,2425.0,Ottawa County,Michigan,81.45,18.3,7.25
10.3,Ottawa County Michigan,25.5,1592.0,8445.0,10037.0,Ottawa County,Michigan,81.45,18.3,7.25
8.7,Benton County Minnesota,29.1,7265.0,13047.0,20312.0,Benton County,Minnesota,79.41,21.0,7.25
6.8,Douglas County Minnesota,26.9,2764.0,5718.0,8482.0,Douglas County,Minnesota,81.37,20.9,7.25
7.9,Grant County Minnesota,27.2,864.0,2138.0,3002.0,Grant County,Minnesota,80.17,22.6,7.25
5.8,Jackson County Minnesota,29.8,700.0,1839.0,2539.0,Jackson County,Minnesota,81.58,22.2,7.25
8.3,Lake County Minnesota,29.5,235.0,578.0,813.0,Lake County,Minnesota,79.73,23.2,7.25
5.5,Lincoln County Minnesota,27.5,529.0,1929.0,2458.0,Lincoln County,Minnesota,80.38,20.7,7.25
6.6,Polk County Minnesota,30,12067.0,24057.0,36124.0,Polk County,Minnesota,78.88,22.3,7.25
6.7,Washington County Minnesota,24.3,569.0,2256.0,2825.0,Washington County,Minnesota,81.69,17.8,7.25
6.7,Washington County Minnesota,24.3,2531.0,5349.0,7880.0,Washington County,Minnesota,81.69,17.8,7.25
6.7,Washington County Minnesota,24.3,935.0,2996.0,3931.0,Washington County,Minnesota,81.69,17.8,7.25
12.5,Benton County Mississippi,35.8,1873.0,35598.0,37471.0,Benton County,Mississippi,74.91,27.0,7.25
13.1,Carroll County Mississippi,33.1,278.0,3922.0,4200.0,Carroll County,Mississippi,76.91,25.4,7.25
16.4,Clay County Mississippi,39.4,696.0,13011.0,13707.0,Clay County,Mississippi,75.22,25.0,7.25
9.8,Forrest County Mississippi,36.4,216.0,2596.0,2812.0,Forrest County,Mississippi,74.56,24.6,7.25
11.4,Franklin County Mississippi,41.1,566.0,10977.0,11543.0,Franklin County,Mississippi,75.11,25.5,7.25
11.5,George County Mississippi,37.4,56.0,2668.0,2724.0,George County,Mississippi,73.39,26.2,7.25
11.9,Greene County Mississippi,37.7,1217.0,10782.0,11999.0,Greene County,Mississippi,75.13,27.8,7.25
11.3,Itawamba County Mississippi,36.5,1186.0,7990.0,9176.0,Itawamba County,Mississippi,74.89,28.5,7.25
9.5,Jackson County Mississippi,33.1,436.0,5918.0,6354.0,Jackson County,Mississippi,75.63,27.7,7.25
12.2,Jasper County Mississippi,40.3,621.0,12301.0,12922.0,Jasper County,Mississippi,75.04,22.1,7.25
14.1,Jefferson Davis County Mississippi,36.9,1853.0,8916.0,10769.0,Jefferson Davis County,Mississippi,73.73,25.7,7.25
9.1,Jones County Mississippi,36.8,338.0,4879.0,5217.0,Jones County,Mississippi,75.23,24.4,7.25
9.3,Lafayette County Mississippi,33,243.0,7232.0,7475.0,Lafayette County,Mississippi,76.68,18.8,7.25
7.2,Lamar County Mississippi,33.6,569.0,10759.0,11328.0,Lamar County,Mississippi,77.67,20.1,7.25
11.9,Lawrence County Mississippi,37.8,1164.0,16594.0,17758.0,Lawrence County,Mississippi,73.89,25.9,7.25
10.4,Lee County Mississippi,30.1,2219.0,21837.0,24056.0,Lee County,Mississippi,74.78,26.1,7.25
12.2,Marion County Mississippi,37.1,180.0,3829.0,4009.0,Marion County,Mississippi,72.71,27.6,7.25
13.5,Panola County Mississippi,36,652.0,3192.0,3844.0,Panola County,Mississippi,73.14,26.9,7.25
13.6,Perry County Mississippi,32.5,323.0,10551.0,10874.0,Perry County,Mississippi,74.38,27.5,7.25
11.6,Pike County Mississippi,37.8,80.0,2776.0,2856.0,Pike County,Mississippi,73.5,27.9,7.25
14.9,Quitman County Mississippi,40.7,35614.0,142356.0,177970.0,Quitman County,Mississippi,71.48,28.5,7.25
8.0,Scott County Mississippi,38.9,1039.0,19642.0,20681.0,Scott County,Mississippi,74.04,27.0,7.25
10.6,Stone County Mississippi,32.2,921.0,5089.0,6010.0,Stone County,Mississippi,73.97,28.0,7.25
12.2,Tallahatchie County Mississippi,38.9,79.0,4071.0,4150.0,Tallahatchie County,Mississippi,73.97,29.1,7.25
12.7,Tishomingo County Mississippi,29.7,1090.0,10895.0,11985.0,Tishomingo County,Mississippi,74.06,27.3,7.25
10.9,Union County Mississippi,33.8,255.0,13792.0,14047.0,Union County,Mississippi,76.26,28.4,7.25
10.9,Union County Mississippi,33.8,9685.0,110202.0,119887.0,Union County,Mississippi,76.26,28.4,7.25
10.5,Warren County Mississippi,39.8,2365.0,34642.0,37007.0,Warren County,Mississippi,74.29,25.8,7.25
10.5,Warren County Mississippi,39.8,3294.0,21408.0,24702.0,Warren County,Mississippi,74.29,25.8,7.25
12.1,Wayne County Mississippi,36.6,2875.0,60525.0,63400.0,Wayne County,Mississippi,74.62,23.4,7.25
11.8,Lincoln County Missouri,36.5,523621.0,1289636.0,1813257.0,Lincoln County,Missouri,77.23,28.8,7.35
9.5,Union County New Jersey,23.2,25334.0,30806.0,56140.0,Union County,New Jersey,80.21,18.3,7.25
8.6,Chatham County North Carolina,25.7,1214.0,6276.0,7490.0,Chatham County,North Carolina,80.19,19.0,7.25
12.9,Cherokee County North Carolina,27.5,2461.0,15197.0,17658.0,Cherokee County,North Carolina,77.1,26.6,7.25
12.5,Clay County North Carolina,25.8,3566.0,20994.0,24560.0,Clay County,North Carolina,78.53,24.5,7.25
12.3,Davidson County North Carolina,29,3656.0,12680.0,16336.0,Davidson County,North Carolina,76.73,26.2,7.25
9.3,Duplin County North Carolina,36.1,4841.0,24221.0,29062.0,Duplin County,North Carolina,76.81,26.3,7.25
10.9,Franklin County North Carolina,33.4,2043.0,8608.0,10651.0,Franklin County,North Carolina,77.2,25.1,7.25
10.6,Hertford County North Carolina,34.1,2094.0,15257.0,17351.0,Hertford County,North Carolina,75.45,25.6,7.25
11.1,Hyde County North Carolina,31.5,2678.0,26894.0,29572.0,Hyde County,North Carolina,76.86,25.7,7.25
12.7,Lincoln County North Carolina,27.9,2019.0,10198.0,12217.0,Lincoln County,North Carolina,77.2,23.2,7.25
11.5,Macon County North Carolina,24.5,1979.0,8268.0,10247.0,Macon County,North Carolina,78.44,25.5,7.25
10.4,Madison County North Carolina,30,3354.0,11244.0,14598.0,Madison County,North Carolina,77.97,25.9,7.25
12.3,Montgomery County North Carolina,31.3,2928.0,13965.0,16893.0,Montgomery County,North Carolina,77.14,25.1,7.25
12.3,Montgomery County North Carolina,31.3,5868.0,43120.0,48988.0,Montgomery County,North Carolina,77.14,25.1,7.25
10.1,Moore County North Carolina,28.5,882.0,5303.0,6185.0,Moore County,North Carolina,79.4,21.2,7.25
10.2,Polk County North Carolina,23,503.0,3831.0,4334.0,Polk County,North Carolina,78.76,22.3,7.25
12.0,Randolph County North Carolina,28.7,2614.0,10730.0,13344.0,Randolph County,North Carolina,77.18,25.6,7.25
16.7,Rutherford County North Carolina,30,10074.0,57244.0,67318.0,Rutherford County,North Carolina,75.77,27.4,7.25
10.0,Union County North Carolina,27.4,2604.0,9634.0,12238.0,Union County,North Carolina,78.61,18.8,7.25
13.7,Warren County North Carolina,34.8,1056.0,8383.0,9439.0,Warren County,North Carolina,77.03,27.4,7.25
13.7,Warren County North Carolina,34.8,2507.0,14274.0,16781.0,Warren County,North Carolina,77.03,27.4,7.25
14.3,Washington County North Carolina,33,391.0,1438.0,1829.0,Washington County,North Carolina,76.5,24.8,7.25
7.8,Watauga County North Carolina,27.5,1762.0,8170.0,9932.0,Watauga County,North Carolina,80.53,18.5,7.25
9.2,Wayne County North Carolina,34.1,3935.0,26977.0,30912.0,Wayne County,North Carolina,76.19,26.0,7.25
13.9,Wilson County North Carolina,34.9,4355.0,21200.0,25555.0,Wilson County,North Carolina,76.02,24.1,7.25
13.3,Brown County Ohio,36.4,2430.0,10937.0,13367.0,Brown County,Ohio,76.06,30.6,7.85
13.0,Carroll County Ohio,28.8,2475.0,10545.0,13020.0,Carroll County,Ohio,78.56,28.0,7.85
11.0,Clark County Ohio,33.2,1263.0,8644.0,9907.0,Clark County,Ohio,76.42,28.3,7.85
9.9,Hamilton County Ohio,28.4,3344.0,10540.0,13884.0,Hamilton County,Ohio,77.46,23.5,7.85
9.1,Hancock County Ohio,31,7445.0,28964.0,36409.0,Hancock County,Ohio,79.34,23.4,7.85
11.2,Hardin County Ohio,31.6,4743.0,24096.0,28839.0,Hardin County,Ohio,76.89,27.5,7.85
12.5,Harrison County Ohio,29.9,8462.0,29690.0,38152.0,Harrison County,Ohio,76.41,30.6,7.85
12.5,Jackson County Ohio,33.4,911.0,6711.0,7622.0,Jackson County,Ohio,74.74,30.7,7.85
14.5,Jefferson County Ohio,36.1,2665.0,12792.0,15457.0,Jefferson County,Ohio,76.02,29.0,7.85
9.7,Knox County Ohio,31.6,44895.0,121919.0,166814.0,Knox County,Ohio,77.99,25.9,7.85
9.7,Knox County Ohio,31.6,2566.0,7993.0,10559.0,Knox County,Ohio,77.99,25.9,7.85
11.8,Logan County Ohio,29.7,957.0,5045.0,6002.0,Logan County,Ohio,77.28,27.0,7.85
9.0,Madison County Ohio,30.7,1884.0,14096.0,15980.0,Madison County,Ohio,77.32,27.6,7.85
11.0,Marion County Ohio,32.2,21631.0,83222.0,104853.0,Marion County,Ohio,77.16,30.8,7.85
7.4,Medina County Ohio,28.6,1405.0,5997.0,7402.0,Medina County,Ohio,80.13,20.9,7.85
12.1,Richland County Ohio,31.2,2755.0,10875.0,13630.0,Richland County,Ohio,77.87,28.3,7.85
7.8,Stephens County Oklahoma,29.4,468.0,21344.0,21812.0,Stephens County,Oklahoma,75.73,28.6,7.25
6.7,Washington County Oklahoma,30.8,235.0,20825.0,21060.0,Washington County,Oklahoma,77.9,27.1,7.25
10.1,Bedford County Pennsylvania,33.3,814.0,2638.0,3452.0,Bedford County,Pennsylvania,79.28,24.1,7.25
7.4,Butler County Pennsylvania,29.1,1012.0,14089.0,15101.0,Butler County,Pennsylvania,79.11,21.3,7.25
6.8,Cumberland County Pennsylvania,25.5,1358.0,9113.0,10471.0,Cumberland County,Pennsylvania,80.07,18.2,7.25
8.5,Franklin County Pennsylvania,32.4,442.0,3018.0,3460.0,Franklin County,Pennsylvania,79.71,21.7,7.25
8.1,Washington County Pennsylvania,27.7,2933.0,23340.0,26273.0,Washington County,Pennsylvania,78.24,24.3,7.25
8.1,Washington County Pennsylvania,27.7,11247.0,45724.0,56971.0,Washington County,Pennsylvania,78.24,24.3,7.25
8.1,Wayne County Pennsylvania,29,12585.0,55963.0,68548.0,Wayne County,Pennsylvania,78.06,26.1,7.25
16.2,Lee County South Carolina,39.6,3129.0,30265.0,33394.0,Lee County,South Carolina,73.12,27.5,7.25
5.2,Clark County South Dakota,32.7,301.0,9871.0,10172.0,Clark County,South Dakota,79.98,22.7,7.25
4.4,Douglas County South Dakota,29.3,24.0,1596.0,1620.0,Douglas County,South Dakota,80.78,21.4,7.25
14.6,Carroll County Tennessee,35.3,1909.0,11036.0,12945.0,Carroll County,Tennessee,74.08,26.2,7.25
12.1,Clay County Tennessee,31,5226.0,37988.0,43214.0,Clay County,Tennessee,74.68,26.2,7.25
12.1,Clay County Tennessee,31,2443.0,14640.0,17083.0,Clay County,Tennessee,74.68,26.2,7.25
10.7,Cumberland County Tennessee,28.6,1387.0,7460.0,8847.0,Cumberland County,Tennessee,77.78,27.2,7.25
11.7,DeKalb County Tennessee,31.9,3183.0,18032.0,21215.0,DeKalb County,Tennessee,74.26,26.5,7.25
9.9,Fayette County Tennessee,36.9,2598.0,29334.0,31932.0,Fayette County,Tennessee,76.81,21.3,7.25
12.0,Gibson County Tennessee,37.1,2121.0,14732.0,16853.0,Gibson County,Tennessee,74.21,27.0,7.25
15.8,Hancock County Tennessee,30.3,3346.0,22065.0,25411.0,Hancock County,Tennessee,73.67,30.3,7.25
15.8,Hancock County Tennessee,30.3,302.0,3064.0,3366.0,Hancock County,Tennessee,73.67,30.3,7.25
12.6,Jackson County Tennessee,30.7,363.0,3704.0,4067.0,Jackson County,Tennessee,74.22,29.4,7.25
12.6,Jackson County Tennessee,30.7,1465.0,12239.0,13704.0,Jackson County,Tennessee,74.22,29.4,7.25
11.5,Jefferson County Tennessee,28.4,4209.0,20940.0,25149.0,Jefferson County,Tennessee,76.2,28.3,7.25
11.5,Jefferson County Tennessee,28.4,3778.0,33372.0,37150.0,Jefferson County,Tennessee,76.2,28.3,7.25
11.5,Jefferson County Tennessee,28.4,2528.0,26241.0,28769.0,Jefferson County,Tennessee,76.2,28.3,7.25
12.8,Johnson County Tennessee,31.2,453.0,4247.0,4700.0,Johnson County,Tennessee,75.9,29.9,7.25
11.1,Lake County Tennessee,32.9,443.0,3389.0,3832.0,Lake County,Tennessee,73.14,33.0,7.25
15.0,Lewis County Tennessee,32.4,950.0,7694.0,8644.0,Lewis County,Tennessee,75.3,30.3,7.25
15.0,Lewis County Tennessee,32.4,2343.0,14331.0,16674.0,Lewis County,Tennessee,75.3,30.3,7.25
7.2,Lincoln County Tennessee,31.7,2500.0,19960.0,22460.0,Lincoln County,Tennessee,75.92,28.0,7.25
11.2,Macon County Tennessee,33.6,946.0,9191.0,10137.0,Macon County,Tennessee,74.53,30.4,7.25
10.0,Madison County Tennessee,36.1,5497.0,22834.0,28331.0,Madison County,Tennessee,76.48,22.9,7.25
10.0,Madison County Tennessee,36.1,2564.0,20786.0,23350.0,Madison County,Tennessee,76.48,22.9,7.25
11.1,Marion County Tennessee,29.9,817.0,4378.0,5195.0,Marion County,Tennessee,74.63,27.4,7.25
14.0,Marshall County Tennessee,29.9,2115.0,36866.0,38981.0,Marshall County,Tennessee,76.04,26.8,7.25
14.0,Marshall County Tennessee,29.9,2276.0,16771.0,19047.0,Marshall County,Tennessee,76.04,26.8,7.25
12.7,Monroe County Tennessee,35.4,989.0,10618.0,11607.0,Monroe County,Tennessee,75.81,29.7,7.25
17.0,Scott County Tennessee,29.9,1067.0,13306.0,14373.0,Scott County,Tennessee,73.93,31.7,7.25
17.0,Scott County Tennessee,29.9,2043.0,13030.0,15073.0,Scott County,Tennessee,73.93,31.7,7.25
9.8,Shelby County Tennessee,34.6,592.0,8184.0,8776.0,Shelby County,Tennessee,75.49,21.2,7.25
9.8,Shelby County Tennessee,34.6,12210.0,23085.0,35295.0,Shelby County,Tennessee,75.49,21.2,7.25
10.8,Trousdale County Tennessee,32.5,2120.0,12720.0,14840.0,Trousdale County,Tennessee,74.09,28.0,7.25
10.8,Union County Tennessee,34,2088.0,13085.0,15173.0,Union County,Tennessee,75.11,30.6,7.25
10.8,Union County Tennessee,34,3330.0,25633.0,28963.0,Union County,Tennessee,75.11,30.6,7.25
10.8,Union County Tennessee,34,1839.0,9891.0,11730.0,Union County,Tennessee,75.11,30.6,7.25
13.2,Van Buren County Tennessee,33.5,1773.0,12981.0,14754.0,Van Buren County,Tennessee,76.17,30.0,7.25
10.9,Warren County Tennessee,34.1,1176.0,16904.0,18080.0,Warren County,Tennessee,75.11,27.2,7.25
10.9,Warren County Tennessee,34.1,874.0,7960.0,8834.0,Warren County,Tennessee,75.11,27.2,7.25
8.7,Washington County Tennessee,29.3,19468.0,102327.0,121795.0,Washington County,Tennessee,76.68,23.6,7.25
11.4,Wayne County Tennessee,31.5,3525.0,24504.0,28029.0,Wayne County,Tennessee,75.64,29.3,7.25
10.5,White County Tennessee,30.3,1145.0,10579.0,11724.0,White County,Tennessee,74.86,28.9,7.25
8.2,Brown County Texas,32.3,48.0,5536.0,5584.0,Brown County,Texas,75.7,24.9,7.25
6.1,Fayette County Texas,27.8,303.0,29573.0,29876.0,Fayette County,Texas,79.14,20.2,7.25
7.0,Jackson County Texas,31.7,3.0,603.0,606.0,Jackson County,Texas,77.35,22.6,7.25
11.3,Jefferson County Texas,35.5,7180.0,362197.0,369377.0,Jefferson County,Texas,76.04,25.4,7.25
8.7,Johnson County Texas,32.6,87.0,11455.0,11542.0,Johnson County,Texas,76.84,24.6,7.25
8.4,Madison County Texas,31.3,214.0,11232.0,11446.0,Madison County,Texas,76.94,25.8,7.25
11.8,Marion County Texas,31.7,0.0,127.0,127.0,Marion County,Texas,74.6,26.7,7.25
6.3,Mason County Texas,27.4,80.0,6057.0,6137.0,Mason County,Texas,79.58,17.8,7.25
12.7,Newton County Texas,32.3,309.0,5426.0,5735.0,Newton County,Texas,74.92,27.7,7.25
5.9,Ochiltree County Texas,29.6,289.0,16617.0,16906.0,Ochiltree County,Texas,76.62,22.4,7.25
11.7,Orange County Texas,32.9,276.0,18592.0,18868.0,Orange County,Texas,74.51,27.8,7.25
7.3,Pecos County Texas,29.5,274.0,19270.0,19544.0,Pecos County,Texas,78.25,21.3,7.25
9.7,Polk County Texas,34.2,123.0,4179.0,4302.0,Polk County,Texas,73.17,29.4,7.25
9.7,Polk County Texas,34.2,128.0,8207.0,8335.0,Polk County,Texas,73.17,29.4,7.25
6.3,Potter County Texas,34.2,75.0,4262.0,4337.0,Potter County,Texas,74.33,27.3,7.25
8.7,Refugio County Texas,29.9,228.0,17472.0,17700.0,Refugio County,Texas,76.7,21.6,7.25
9.2,Robertson County Texas,31.4,491.0,32585.0,33076.0,Robertson County,Texas,75.9,23.8,7.25
7.8,Rusk County Texas,35.2,197.0,14257.0,14454.0,Rusk County,Texas,76.04,26.2,7.25
6.2,San Saba County Texas,29.9,161.0,3703.0,3864.0,San Saba County,Texas,78.24,24.2,7.25
6.8,Scurry County Texas,29.5,44.0,2084.0,2128.0,Scurry County,Texas,77.14,23.2,7.25
6.8,Taylor County Texas,28.2,132.0,9414.0,9546.0,Taylor County,Texas,76.71,22.6,7.25
6.8,Taylor County Texas,28.2,332.0,24483.0,24815.0,Taylor County,Texas,76.71,22.6,7.25
11.8,Tyler County Texas,29.8,44.0,3371.0,3415.0,Tyler County,Texas,75.76,28.4,7.25
8.8,Upshur County Texas,31,3892.0,239316.0,243208.0,Upshur County,Texas,75.34,25.9,7.25
7.2,Washington County Texas,28.6,15.0,1298.0,1313.0,Washington County,Texas,78.57,20.6,7.25
7.8,Wichita County Texas,32.9,118.0,8194.0,8312.0,Wichita County,Texas,75.54,25.5,7.25
14.5,Willacy County Texas,28.5,48.0,4098.0,4146.0,Willacy County,Texas,79.55,17.6,7.25
9.1,Wood County Texas,29,37.0,2101.0,2138.0,Wood County,Texas,76.67,26.2,7.25
9.1,Wood County Texas,29,142.0,14238.0,14380.0,Wood County,Texas,76.67,26.2,7.25
7.1,Montgomery County Virginia,27,3240.0,7444.0,10684.0,Montgomery County,Virginia,79.12,18.1,7.25
8.7,Northumberland County Virginia,29.6,2180.0,9979.0,12159.0,Northumberland County,Virginia,79.25,22.9,7.25
8.3,Orange County Virginia,32.6,3001.0,8868.0,11869.0,Orange County,Virginia,78.69,23.0,7.25
8.7,Jefferson County Wisconsin,32.7,502.0,6167.0,6669.0,Jefferson County,Wisconsin,80.2,22.3,7.25
